原文,推荐译文,说明
八ヶ崎翠,八崎翠,性别: 男性; 备注: 主人公，从日本转生到异世界的青年
シャリヤ,夏莉雅,性别: 女性; 备注: 银发碧眼的少女，最先遇到翠的异世界人，全名阿莱斯·夏莉雅
アレス,阿莱斯,分类: 人名; 备注: 夏莉雅的姓氏
エレーナ,埃琳娜,性别: 女性; 备注: 黑发黑眼的少女，夏莉雅的朋友，全名苏卡丝那·哈尔特谢阿菲斯·埃琳娜
スカースナ,苏卡丝那,分类: 人名; 备注: 埃琳娜的名字
ハルトシェアフィス,哈尔特谢阿菲斯,分类: 人名; 备注: 埃琳娜的中间名（父称或母称）
レシェール,雷歇尔,性别: 男性; 备注: 民兵组织的领导者，可靠的大叔
ヒンゲンファール,赫根法尔,性别: 女性; 备注: 雷托拉图书馆的管理员，全名赫根法尔·巴拉·丽莎，自称赫芭莉
ヒンヴァリー,赫芭莉,性别: 女性; 备注: 赫根法尔的简称或爱称
フィシャ,费希尔,性别: 女性; 备注: 即费希尔·蕾优阿芙，政府军间谍，曾对翠抱有期待，在政府军前线指挥所自爆身亡
フェリーサ,菲丽莎,性别: 女性; 备注: 单马尾少女，不擅长利内帕涅语，全名菲丽莎·阿塔姆
アタム,阿塔姆,分类: 人名; 备注: 菲丽莎的姓氏
浅上慧,浅上慧,性别: 男性; 备注: 翠的前辈，被称为“印度前辈”，语言爱好者
インド先輩,印度前辈,性别: 男性; 备注: 对浅上慧的昵称
ジュリザード,久利扎德,分类: 职务; 备注: 审判中负责公诉的职位（类似检察官）
レトラ,雷托拉,分类: 地名; 备注: 翠和夏莉雅等人逃难到达的城市，被高耸的街垒包围
フィアンシャ,费昂夏,分类: 地名; 备注: 宗教设施，利帕拉欧内教的礼拜场所
フラースカ,弗拉斯卡,分类: 地名; 备注: 审判或评议的场所
クランティルヴィル,库朗提尔比尔,分类: 地名; 备注: 雷托拉的图书馆
フェンテショレー,芬特肖雷,分类: 组织; 备注: 敌对势力，与雷歇尔等人交战的一方，使用鸟纹章
リネパーイネ語,利内帕涅语,分类: 语言; 备注: 异世界中广泛使用的语言，夏莉雅等人的母语
リパーシェ文字,利帕谢文字,分类: 文字; 备注: 用于书写利内帕涅语的文字系统
リパラオネ,利帕拉欧内,分类: 宗教; 备注: 夏莉雅信仰的宗教，全称利帕拉欧内教
アレフィス,阿雷菲斯,分类: 神祇; 备注: 利帕拉欧内教所信仰的神明
スキュリオーティエ,斯克利欧提,分类: 宗教; 备注: 可能与利帕拉欧内教相关，其教典称为《贤杜祖安》
シェンドゥズィーア,贤杜祖安,分类: 典籍; 备注: 斯克利欧提的教典，类似《古兰经》的地位
エウスティーア,艾乌斯提亚,分类: 语法术语; 备注: 表示复数形式
ラネメ,拉内美,分类: 民族; 备注: 异世界中的一个民族，埃琳娜可能具有该民族血统
トニー,托尼,分类: 神祇; 备注: 意为“神”，阿雷菲斯被称为托尼的名字
ユエスデーア,尤艾斯迪亚,分类: 组织; 备注: 与芬特肖雷对立的势力之一，使用青色旗帜
シューエス,修艾斯,分类: 组织; 备注: 与芬特肖雷对立的势力之一，使用黄色旗帜
セーケ,瑟可,分类: 游戏; 备注: 一种类似将棋的棋盘游戏，使用木制棋子和网格棋盘
クンロアネール,昆洛阿内尔,分类: 物品; 备注: 食物的意思，也特指汤类
クンロアノ,昆洛阿诺,分类: 概念; 备注: 吃东西这一行为的名词形式
ターフ・ヴィール・イェスカ,塔尔芙·维尔·耶斯卡,性别: 女性; 备注: 革命军领袖，共产党党首，被称为“同志”，手段强硬，最后自杀身亡
ターフ・ヴィール・ユミリア,塔尔芙·维尔·尤米莉亚,性别: 女性; 备注: 耶斯卡的妹妹，共产党No.2，在耶斯卡死后出现调查其死因
スクーラヴェニヤ・ミュロニユ,斯库拉维尼亚·缪洛纽,性别: 男性; 备注: 革命军的征兵官，负责递送召集令状
ケイ,凯,性别: 男性; 备注: 将幼年费希尔带入政府军的人物
八ヶ崎翔太,八崎翔太,性别: 男性; 备注: 耶斯卡死前提及的神秘人物，与翠同姓，身份不明
カヴィーナ,卡维纳,分类: 地名; 备注: 尤艾斯雷欧涅人民解放战线本部所在地
ユエスレオネ,尤艾斯雷欧涅,分类: 地名; 备注: 故事发生的主要国家，革命军与政府军争夺的地区
ファールリューディア,法尔留迪亚,分类: 地名; 备注: 尤艾斯雷欧涅革命军的前哨地
トレディーナ,特雷迪纳,分类: 地名; 备注: 尤艾斯雷欧涅共産党本部所在地
ユエスレオネ共産党,尤艾斯雷欧涅共产党,分类: 组织; 备注: 耶斯卡领导的革命政党，这个词是该政党的意译名称
アドコンステールツェン・レータザル,阿德康斯提尔岑·雷塔扎尔,分类: 组织; 备注: 尤艾斯雷欧涅共产党在利内帕涅语中的正式名称
ユエスレオネ人民解放戦線,尤艾斯雷欧涅人民解放战线,分类: 组织; 备注: 革命派武装势力的名称
督戦隊,督战队,分类: 组织; 备注: 由政府军凯特尼亚组成的督战部队，使用维尔福普操控士兵
ケートニアー,凯特尼亚,分类: 种族/概念; 备注: 拥有特殊体质（凯特尼亚状态）的人，可作为伊尔德抵抗精神操控，身体恢复力强
ネートニアー,内特尼亚,分类: 种族/概念; 备注: 无特殊体质的普通人，与凯特尼亚相对
ウェールフープ,维尔福普,分类: 概念; 备注: 精神操控能力；一种能实现各种超自然现象的异能
イールド,伊尔德,分类: 概念; 备注: 抵抗精神操控（维尔福普）的体质
可能化剤,潜能活化剂,分类: 物品; 备注: 用于改造人体获得凯特尼亚能力的药物，有严重副作用
テクタニアー計画,特克塔尼亚计划,分类: 事件; 备注: 政府军制造凯特尼亚士兵的人体实验计划
フェンテルヴェンス,芬特尔芬斯,分类: 物品; 备注: 一种可遮断维尔福普效力的气化型伊尔德
リウスニータ,琉斯尼塔,分类: 物品; 备注: 异世界的饮品，拉内美风味或利帕拉欧内风味
バネアート,巴涅阿特,分类: 物品; 备注: 一种类似馅料的甜食
バネクリャナショ,巴涅克里亚纳肖,分类: 物品; 备注: 一种类似羊羹的甜食
コーニュス,科纽斯,分类: 物品; 备注: 耶斯卡食用的板状物，可能是烟或药物
マニソマ,玛尼索玛,分类: 游戏; 备注: 一种卡牌游戏
ヨーウプレーネー・ヴァスペールクーフェーレス,尤普雷内·瓦斯佩尔库费雷斯,分类: 典籍; 备注: 一本演说集的书名
PCF-99 シェルトアンギル,PCF-99 谢尔特安吉尔,分类: 物品; 备注: 步兵小铳
LPF-82 アルザッツァ,LPF-82 阿尔扎察,分类: 物品; 备注: 轻机关铳
PCF99-02 ZYS カヴィーナ,PCF99-02 ZYS 卡维纳,分类: 物品; 备注: PCF-99的改良型自动小铳，耶斯卡的爱枪
リス主義者,Ri主义者,分类: 身份; 备注: 埃斯佩朗托语中提倡使用无性别代词“Ri”的人
燐字理文,磷字理文,分类: 文字; 备注: 汉字式的表语文字
タカン語,塔坎语,分类: 语言; 备注: 异世界的一种语言
アイル語,艾尔语,分类: 语言; 备注: 异世界的一种语言
タミル語,泰米尔语,分类: 语言; 备注: 地球上的语言，耶斯卡的遗书中出现了其文字
エルゼ,埃尔泽,分类: 概念; 备注: 被神选中的“成り駒”，故事的主角
ラヴェー,拉维,分类: 概念; 备注: 普通的“駒”，与埃尔泽相对
ウェルフィセル,维尔菲谢尔,分类: 概念; 备注: 意为“世界之壁”，耶斯卡试图跨越它逃离这个世界
ファイクレオネ,法伊克雷欧涅,分类: 地名; 备注: 故事所在世界的名称
シャーツニアー,夏茨尼亚,分类: 身份; 备注: 利帕拉欧内教的某种宗教职位，女性担任
ジェパーシャーツニアー,杰帕夏茨尼亚,分类: 身份; 备注: 统括夏茨尼亚的上级职位
フラニザ,弗拉尼扎,分类: 服饰; 备注: 夏茨尼亚的白色服装
カリアホ,卡莉亚霍,性别: 女性; 备注: 神秘少女，全名卡莉亚霍·斯卡鲁姆雷，穿着传统服装，来自哈特王国的王室成员
スカルムレイ,斯卡鲁姆雷,分类: 人名; 备注: 卡莉亚霍的姓氏
ガルタ,加尔塔,性别: 男性; 备注: 卡莉亚霍的同伴，外表粗犷的青年，全名加尔塔·肯索迪斯纳尔
ケンソディスナル,肯索迪斯纳尔,分类: 人名; 备注: 加尔塔的姓氏
インファーニア・ド・ア・スキュリオーティエ・インリニア,因法尼亚·多·阿·斯克利欧提·因利尼亚,性别: 女性; 备注: 带刀少女，在图书馆与翠相遇，全名因法尼亚·多·阿·斯克利欧提·因利尼亚，自称因利尼亚
インリニア,因利尼亚,性别: 女性; 备注: 对因法尼亚的简称或昵称
スキュリオーティエ,斯克利欧提,分类: 人名; 备注: 因利尼亚的家族姓氏
スカースナ・ハルトシェアフィス・エレーナ,苏卡丝那·哈尔特谢阿菲斯·埃琳娜,性别: 女性; 备注: 埃琳娜的全名
ラーデミンのコア,拉登民的核心,分类: 物品; 备注: 夕张悠里提及的神秘物品，用于制造主人公
アフの子孫,阿夫的后裔,分类: 概念; 备注: 夕张悠里提及的概念，据说能改变世界
八ヶ崎和葉,八崎和叶,分类: 人名; 备注: 夕张悠里提及的人物，八崎翔太的家族成员
八ヶ崎燐,八崎燐,分类: 人名; 备注: 夕张悠里提及的人物，八崎翔太的家族成员
八ヶ崎翠（みどり）,八崎翠（绿）,性别: 女性; 备注: 八崎翔太家系中被诱拐的女孩，被认为是八崎翠（主人公）的原型
レシェール・クラディア,雷歇尔·克拉迪亚,性别: 女性; 备注: 银发少女，自称翔太的同伴，性格冷淡
八ヶ崎翔太,八崎翔太,性别: 男性; 备注: 自称与翠同为“被创作的主人公”，与夕张悠里对抗
国連,联合国,分类: 组织; 备注: 国际组织，在故事中派遣了国联军（UNAWEF），不是指现实中的联合国
CSTO,CSTO,分类: 组织; 备注: 集体安全条约组织，与翠等人接触的武装组织
パトリック・S・ウィルコックス,帕特里克·S·威尔科克斯,性别: 男性; 备注: 国联军（UNAWEF）的指挥官，拥有上校军衔
アレス・シャル,阿莱斯·夏尔,性别: 女性; 备注: 夕张悠里的同伴，短发少女，自称作品之一
ユフィア,尤菲亚,性别: 女性; 备注: 叙事诗《斯克利欧提教典》中的英雄人物，统治着纳贾尔特藩国
スキュリオーティエ・ユフィア,斯克利欧提·尤菲亚,分类: 人名; 备注: 尤菲亚的全名
サフィア,萨菲亚,性别: 女性; 备注: 《斯克利欧提教典》中的敌对人物，被称为恶魔，是尤菲亚的敌人
ディエス・イレ,愤怒之日,分类: 概念; 备注: 一首关于末日审判的著名拉丁语诗歌
リパラオネ教,利帕拉欧内教,分类: 宗教; 备注: 夏莉雅信仰的宗教，与斯克利欧提教典有联系
フィメノーウル,菲美诺乌尔,分类: 宗教; 备注: 古代维菲斯人信仰的宗教，可能是自然崇拜
リノーツ,里诺茨,分类: 概念; 备注: 菲美诺乌尔信仰中的图腾或神圣动物
ピリフィアー歴,皮利菲亚历,分类: 概念; 备注: 法伊克雷欧涅世界通用的历法
修正リパラオネ暦,修正利帕拉欧内历,分类: 概念; 备注: 谢尔肯传统中使用的历法
古リパーシェ,古利帕谢,分类: 文字; 备注: 古典利内帕涅语中使用的文字体系
デュテュスン・リパーシェ,杜特尤森·利帕谢,分类: 文字; 备注: 现代利内帕涅语中使用的文字体系，正字法改革后确立
内閣情報調査室,内阁情报调查室,分类: 组织; 备注: 日本的情报机构，桥本七海所属
橋本七海,桥本七海,性别: 女性; 备注: 日本内阁情报调查室的谍报员，化名雪泽丰雨潜伏在大使馆
雪沢豊雨,雪泽丰雨,性别: 女性; 备注: 桥本七海的化名，伪装成日本大使馆的外交官补
ベイクドモチョチョ,贝库多莫乔乔,分类: 物品; 备注: 一种类似今川烧的异世界点心
シェルケン,谢尔肯,分类: 组织; 备注: 宗教性武装集团，利帕拉欧内教的敌对者，被伊耶斯卡等人视为“异教徒”
シェルケン・フィレナ,谢尔肯·菲蕾娜,性别: 女性; 备注: 被自衛隊俘虜的谢尔肯成员，黑发少女，实为内特尼亚
シェルケン・ヴァルトル,谢尔肯·瓦尔特,分类: 组织; 备注: 过激派的谢尔肯派系，是东京袭击的主谋
ファルトクノア,法尔特克诺亚,分类: 地名; 备注: 尤艾斯雷欧涅联邦的成员国之一，阿格里夫们居住的地区
イ・ルヴィツァ,伊·卢维察,分类: 地名; 备注: 法尔特克诺亚共和国的首都，日本大使馆所在地
デュイン,杜因,分类: 地名; 备注: 尤艾斯雷欧涅联邦的成员国之一，是杜因战争的发生地
ラッテンメ,拉滕美,分类: 种族; 备注: 拥有动物耳朵和尾巴的人型种族，也被称为兽人
アグリェフ,阿格里夫,分类: 种族; 备注: 与拉滕美同义，兽人的称呼
MLFF,MLFF,分类: 组织; 备注: 全称“我辈拉内米亚人自由解放之法拉维”，支持阿格里夫的团体
イプラジットリーヤ・アレス・レヴィア,伊普拉吉特里雅·阿莱斯·勒维亚,性别: 女性; 备注: MLFF的领袖，是一名理性的阿格里夫女性


チーレム,后宫,直译“作弊后宫”，一般指异世界靠金手指开的后宫，是cheat和harem的合成词。简单译作“后宫”即可
シェノネン　ウー,斜诺嫩 乌,xenonen ur，似乎是字母ઞ的名称
-sti,-丝缇,利内帕涅语对人名使用的呼格后缀
セネスティ|cenesti,塞内丝缇,翠的呼格音译
リパライン|lipalain,利帕莱茵,利帕莱茵族、利帕莱茵语（利内帕涅语）、利帕莱茵联邦……等等。注意： リパライン|lipalain|利帕莱茵 和 リネパーイネ|lineparine|利内帕涅 是不同的词。